Actual_Price,Predicted_Price
3040.800048828125,3054.4988
3035.39990234375,3050.4832
3036.199951171875,3047.6738
3022.300048828125,3046.7622
3011.199951171875,3041.943
3016.199951171875,3033.5986
3098.60009765625,3029.469
3102.60009765625,3058.7422
3054.0,3090.8792
3140.60009765625,3090.314
3157.199951171875,3108.695
3093.699951171875,3133.0864
3084.699951171875,3123.376
3112.60009765625,3100.9333
3111.5,3095.0818
3097.5,3098.9617
3095.699951171875,3099.8508
3048.300048828125,3098.5552
3019.0,3079.4182
3049.39990234375,3051.3225
3110.0,3043.8901
3124.199951171875,3071.43
3133.39990234375,3106.441
3111.89990234375,3131.0205
3145.6999511718745,3130.7075
3172.8000488281255,3133.1125
3176.6999511718745,3146.1836
3169.199951171875,3158.7703
3073.800048828125,3161.9326
3062.39990234375,3122.7063
3035.39990234375,3081.658
2957.39990234375,3050.1755
2899.10009765625,3013.167
2896.10009765625,2978.2063
2888.39990234375,2959.0564
2914.199951171875,2950.5845
2901.89990234375,2954.9688
2988.39990234375,2961.448
2973.699951171875,2986.739
3027.199951171875,3007.859
3061.699951171875,3031.1746
3028.300048828125,3059.019
3007.199951171875,3062.0085
2960.300048828125,3045.0552
2969.800048828125,3012.3777
2970.699951171875,2994.0222
2962.199951171875,2988.588
3015.199951171875,2988.6248
3006.699951171875,3006.2488
3073.199951171875,3021.68
3063.199951171875,3053.3835
3084.89990234375,3073.5193
3057.89990234375,3086.7832
3057.60009765625,3080.7715
3035.300048828125,3069.3467
3058.0,3053.1252
3016.800048828125,3050.9082
2990.199951171875,3041.0474
3010.89990234375,3023.37
2991.800048828125,3017.836
3025.199951171875,3013.6965
3047.0,3023.4421
3131.800048828125,3042.6772
3105.699951171875,3088.9163
3106.0,3114.9478
3102.199951171875,3119.5078
3087.10009765625,3111.4033
3147.699951171875,3096.3093
3144.8000488281245,3108.8242
3150.60009765625,3126.215
3141.199951171875,3139.4553
3119.199951171875,3141.0198
3162.89990234375,3128.6953
3136.60009765625,3134.0527
3137.5,3134.211
3133.39990234375,3132.5728
3135.699951171875,3129.7
3180.0,3128.8242
3229.1999511718755,3146.8174
3238.1999511718755,3183.7961
3236.5000000000005,3213.6414
3208.300048828125,3224.343
3189.1999511718755,3210.156
3191.89990234375,3185.8877
3220.4999999999995,3171.6147
3230.199951171875,3180.7683
3205.10009765625,3199.1628
3217.800048828125,3201.63
3280.800048828125,3201.7295
3281.9999999999995,3227.3472
3324.89990234375,3252.994
3310.0000000000005,3293.8618
3319.0000000000005,3309.408
3280.0,3311.349
3251.5000000000005,3288.3987
3246.800048828125,3253.6104
3206.199951171875,3226.8098
3227.39990234375,3201.2695
3250.6999511718755,3199.2515
3216.1000976562495,3215.7312
3255.8000488281255,3216.4158
3295.60009765625,3227.4922
3203.8999023437505,3258.1238
3207.800048828125,3232.5632
3239.60009765625,3204.1455
3268.0,3202.166
3192.5,3223.4802
3192.5,3210.7283
3206.699951171875,3191.285
3163.60009765625,3184.962
3102.300048828125,3169.602
3122.60009765625,3133.9878
3150.39990234375,3115.7065
3162.5000000000005,3124.34
3158.0,3144.3184
3200.10009765625,3156.8057
3144.39990234375,3176.3643
3123.89990234375,3166.308
3169.60009765625,3140.8298
3225.300048828125,3139.64
2999.10009765625,3171.5164
2991.5,3112.5295
2941.60009765625,3045.4727
2948.199951171875,2996.7915
2984.60009765625,2976.628
2909.800048828125,2982.4202
2750.10009765625,2980.2954
2692.199951171875,2943.0305
2706.60009765625,2895.4436
2717.39990234375,2868.8784
2694.89990234375,2856.7983
2677.89990234375,2852.7004
2686.199951171875,2852.9678
2676.300048828125,2853.5627
2573.699951171875,2852.8552
2629.300048828125,2835.296
2647.699951171875,2823.2239
2637.39990234375,2821.4536
2613.5,2823.465
2587.800048828125,2822.459
2578.800048828125,2816.0706
2557.60009765625,2807.6753
2527.39990234375,2798.0215
2513.10009765625,2786.4456
2464.89990234375,2775.4314
2442.39990234375,2761.654
2410.5,2747.4382
2409.199951171875,2734.9873
2391.699951171875,2727.0916
2440.800048828125,2720.659
2356.0,2718.8357
2390.60009765625,2715.312
2383.800048828125,2712.724
2398.800048828125,2711.681
2377.39990234375,2713.2495
2389.800048828125,2713.347
2358.89990234375,2713.7974
2408.199951171875,2710.8806
2450.699951171875,2712.523
2473.89990234375,2722.0344
2539.800048828125,2736.0933
2559.199951171875,2756.9092
2589.0,2778.0813
2524.300048828125,2796.7913
2472.60009765625,2799.1572
2554.89990234375,2784.8188
2576.89990234375,2777.798
2581.5,2780.959
2579.60009765625,2788.7395
2610.5,2795.7844
2538.5,2804.5276
2521.800048828125,2801.1665
2396.89990234375,2789.881
2447.60009765625,2762.0098
2444.699951171875,2740.319
2474.699951171875,2729.2224
2473.89990234375,2730.4373
2473.89990234375,2737.67
2431.300048828125,2745.5159
2427.300048828125,2745.7322
2435.39990234375,2741.1099
2401.39990234375,2736.7395
2394.39990234375,2729.83
2392.89990234375,2722.432
2300.300048828125,2716.8564
2272.800048828125,2703.4946
2246.0,2693.6917
2264.0,2683.4707
2283.199951171875,2675.8184
2327.10009765625,2672.164
2327.39990234375,2673.3022
2327.199951171875,2676.901
2317.300048828125,2684.8916
2308.199951171875,2690.388
2276.199951171875,2690.699
2284.199951171875,2684.7283
2284.199951171875,2677.7393
2258.89990234375,2672.9597
2297.39990234375,2669.8347
2446.89990234375,2668.6804
2241.699951171875,2685.9287
2241.0,2689.5364
2198.89990234375,2680.1956
2151.39990234375,2667.756
2151.0,2657.9155
2153.89990234375,2648.628
2135.60009765625,2641.9094
2161.39990234375,2637.3384
2162.0,2635.3865
2199.0,2635.4453
2223.0,2637.6787
2203.300048828125,2641.7937
2125.0,2645.3196
2127.800048828125,2644.2837
2059.60009765625,2640.082
2109.0,2632.9797
2094.699951171875,2626.7437
2094.699951171875,2622.6372
2097.89990234375,2620.2595
2031.5,2619.2913
1982.5999755859373,2617.0496
2068.10009765625,2612.065
2093.5,2608.596
2057.60009765625,2608.7617
2096.10009765625,2609.9355
2057.5,2611.8633
2049.5,2613.0007
2069.0,2612.5425
2181.5,2611.8093
2200.60009765625,2615.0664
2189.199951171875,2622.1235
2201.0,2630.613
2269.0,2641.398
2251.10009765625,2654.0083
2221.10009765625,2663.3557
2208.300048828125,2664.6675
2242.89990234375,2659.5227
2254.300048828125,2655.7256
2295.60009765625,2655.3455
2398.0,2661.0925
2446.60009765625,2680.1936
2431.800048828125,2708.1716
2365.60009765625,2731.0803
2473.699951171875,2735.788
2460.0,2742.1384
2413.0,2747.3232
2373.0,2743.793
2452.699951171875,2731.3274
