Actual_Price,Predicted_Price,Uncertainty,Lower_Bound,Upper_Bound
3040.800048828125,3082.0195,8.183585e-06,3047.3408,3113.0278
3035.39990234375,3072.0479,1.2119174e-05,3030.015,3127.5703
3036.199951171875,3072.992,1.2036048e-05,3026.2498,3109.6287
3022.300048828125,3093.87,1.6042419e-05,3052.2656,3176.3743
3011.199951171875,3067.2388,1.3896724e-05,3007.255,3117.5789
3016.199951171875,3051.9106,1.7455905e-05,2999.5657,3141.4856
3098.60009765625,3033.9338,1.8989542e-05,2968.528,3110.865
3102.60009765625,3080.459,1.5662139e-05,3031.301,3145.5996
3054.0,3081.5933,1.1846535e-05,3042.2996,3124.0088
3140.60009765625,3092.6587,1.1826432e-05,3038.0142,3121.6833
3157.199951171875,3093.655,6.8702043e-06,3066.8428,3121.4575
3093.699951171875,3125.791,1.214861e-05,3076.5686,3162.2998
3084.699951171875,3131.3875,2.0067935e-05,3073.6265,3229.8647
3112.60009765625,3098.3098,1.4195281e-05,3046.691,3158.1245
3111.5,3114.7021,1.095954e-05,3070.825,3158.409
3097.5,3117.4785,1.6063506e-05,3067.565,3193.835
3095.699951171875,3125.7935,9.180173e-06,3097.335,3162.4365
3048.300048828125,3124.5454,1.5562431e-05,3064.1355,3181.3098
3019.0,3085.0125,1.2815117e-05,3038.3723,3138.2385
3049.39990234375,3073.2227,1.1915856e-05,3028.4316,3122.1138
3110.0,3052.5522,2.3251452e-05,2988.6267,3146.9556
3124.199951171875,3079.3555,1.5193737e-05,3053.7302,3164.312
3133.39990234375,3111.469,1.5163163e-05,3054.6929,3169.994
3111.89990234375,3136.054,1.0521633e-05,3084.0383,3171.1643
3145.6999511718745,3141.4749,1.6222675e-05,3083.3496,3210.3894
3172.8000488281255,3160.826,1.6735266e-05,3103.847,3236.141
3176.6999511718745,3137.6414,1.1833604e-05,3103.8318,3193.2346
3169.199951171875,3159.0422,1.655591e-05,3112.5066,3235.746
3073.800048828125,3162.8994,1.1806296e-05,3108.584,3205.6716
3062.39990234375,3127.421,1.3539368e-05,3079.577,3188.2625
3035.39990234375,3084.118,1.1836932e-05,3040.868,3128.8445
2957.39990234375,3069.0325,1.7098522e-05,2991.1953,3113.6792
2899.10009765625,3057.2605,1.2681992e-05,2999.1753,3107.5288
2896.10009765625,2996.851,2.0588148e-05,2929.0918,3068.4155
2888.39990234375,2975.824,1.6291404e-05,2918.2688,3049.331
2914.199951171875,2981.7627,1.7788732e-05,2932.3457,3060.1453
2901.89990234375,2963.4995,1.356835e-05,2922.0776,3019.2102
2988.39990234375,2963.8672,1.9800123e-05,2890.8503,3050.12
2973.699951171875,3025.736,1.078815e-05,2986.6335,3066.6365
3027.199951171875,3065.8967,1.5594467e-05,3003.1262,3128.0835
3061.699951171875,3057.3218,1.845199e-05,3003.3237,3140.8342
3028.300048828125,3066.6536,1.0887592e-05,3026.634,3108.832
3007.199951171875,3085.707,2.1310896e-05,3017.0352,3162.346
2960.300048828125,3056.226,1.4154055e-05,2994.5674,3108.4058
2969.800048828125,3037.8347,1.4732124e-05,2975.754,3081.723
2970.699951171875,3035.5315,1.4076438e-05,2982.3787,3088.0725
2962.199951171875,3032.3926,1.9668827e-05,2958.0308,3108.8284
3015.199951171875,3000.3098,8.807273e-06,2973.961,3041.9023
3006.699951171875,3007.6814,1.810058e-05,2944.3862,3078.0461
3073.199951171875,3041.19,1.922719e-05,2979.901,3129.4597
3063.199951171875,3088.8535,1.4788056e-05,3050.4353,3162.8596
3084.89990234375,3096.2458,1.5539492e-05,3028.5137,3152.697
3057.89990234375,3080.174,1.2756085e-05,3043.1523,3146.4202
3057.60009765625,3086.7654,1.5614407e-05,3044.3525,3169.0857
3035.300048828125,3099.9731,1.7285025e-05,3050.3796,3185.0935
3058.0,3090.3713,2.2910053e-05,3007.512,3181.0842
3016.800048828125,3064.0132,1.5689908e-05,2997.6016,3124.1372
2990.199951171875,3064.7808,1.4798366e-05,3008.154,3126.0142
3010.89990234375,3046.2766,1.0216956e-05,2999.3662,3076.6614
2991.800048828125,3048.8276,1.3914288e-05,3014.5803,3111.024
3025.199951171875,3032.2297,8.383604e-06,2992.5693,3059.446
3047.0,3052.2583,1.45147105e-05,3001.855,3120.5374
3131.800048828125,3089.6794,1.1244601e-05,3052.494,3143.589
3105.699951171875,3097.7185,1.0459636e-05,3064.7224,3146.207
3106.0,3117.7493,1.3463957e-05,3060.486,3154.0461
3102.199951171875,3119.1206,6.844912e-06,3097.8047,3147.2847
3087.10009765625,3125.9675,8.051158e-06,3092.16,3153.864
3147.699951171875,3124.57,1.1858351e-05,3084.3613,3181.4907
3144.8000488281245,3108.7734,9.955868e-06,3075.5781,3150.453
3150.60009765625,3134.7012,1.725116e-05,3088.606,3220.536
3141.199951171875,3148.2952,1.3198149e-05,3103.2546,3202.9854
3119.199951171875,3160.7537,1.8739596e-05,3099.9492,3235.552
3162.89990234375,3142.0662,1.4243098e-05,3097.7036,3190.6494
3136.60009765625,3154.1646,1.2012873e-05,3118.652,3209.4883
3137.5,3126.176,1.7181303e-05,3083.3672,3214.8022
3133.39990234375,3128.605,7.780029e-06,3095.927,3156.0872
3135.699951171875,3134.1487,6.8046465e-06,3115.0386,3165.994
3180.0,3132.2,1.383183e-05,3078.208,3186.541
3229.1999511718755,3154.2354,1.1238432e-05,3112.0298,3191.1602
3238.1999511718755,3185.6968,8.605575e-06,3153.3054,3221.508
3236.5000000000005,3225.6091,8.791019e-06,3187.159,3253.0232
3208.300048828125,3236.4172,1.1518503e-05,3202.809,3290.598
3189.1999511718755,3223.8176,1.15649445e-05,3172.102,3258.6155
3191.89990234375,3201.6802,8.055505e-06,3163.8308,3227.8765
3220.4999999999995,3174.5679,1.020489e-05,3131.4653,3214.7715
3230.199951171875,3191.9133,9.371209e-06,3158.4675,3226.3054
3205.10009765625,3205.1418,8.258166e-06,3168.5557,3234.4631
3217.800048828125,3206.6167,1.1659229e-05,3174.472,3260.0237
3280.800048828125,3190.9578,9.25827e-06,3158.6917,3223.743
3281.9999999999995,3226.752,8.911158e-06,3199.4307,3264.3245
3324.89990234375,3241.0781,7.4024265e-06,3206.7239,3266.0676
3310.0000000000005,3291.2224,7.367584e-06,3266.0627,3324.0366
3319.0000000000005,3302.84,6.0719162e-06,3277.1245,3322.9946
3280.0,3305.6565,9.111487e-06,3272.3745,3337.1748
3251.5000000000005,3304.9612,1.1959753e-05,3260.712,3355.9282
3246.800048828125,3246.269,9.518632e-06,3223.3796,3286.137
3206.199951171875,3216.346,6.3441016e-06,3191.011,3240.6052
3227.39990234375,3189.183,5.3231156e-06,3173.5283,3211.856
3250.6999511718755,3213.3352,1.532919e-05,3150.0269,3257.887
3216.1000976562495,3237.655,5.71353e-06,3216.881,3258.7107
3255.8000488281255,3222.0586,7.959019e-06,3184.3833,3245.5977
3295.60009765625,3243.4407,9.824834e-06,3214.5896,3284.4695
3203.8999023437505,3259.1592,9.3009785e-06,3227.8467,3291.4775
3207.800048828125,3263.2085,1.3371568e-05,3223.3313,3324.0586
3239.60009765625,3191.0137,1.1354188e-05,3152.7268,3242.7842
3268.0,3214.9434,9.060306e-06,3187.1772,3252.111
3192.5,3223.202,1.4210069e-05,3186.612,3295.252
3192.5,3234.945,8.263012e-06,3204.0366,3273.3352
3206.699951171875,3206.015,1.389518e-05,3163.2097,3264.5537
3163.60009765625,3178.8977,1.3272333e-05,3120.1519,3219.1777
3102.300048828125,3160.3787,8.494927e-06,3129.7974,3190.4573
3122.60009765625,3129.2327,1.4152346e-05,3075.2786,3169.3738
3150.39990234375,3141.828,6.9304856e-06,3119.7725,3176.4395
3162.5000000000005,3138.5562,1.2588668e-05,3095.9976,3181.4407
3158.0,3147.3696,1.3068561e-05,3114.5479,3209.1592
3200.10009765625,3158.4758,1.3664773e-05,3109.3557,3211.804
3144.39990234375,3179.836,1.3424886e-05,3136.9644,3228.2776
3123.89990234375,3187.508,1.2397533e-05,3149.0986,3234.1865
3169.60009765625,3142.3047,7.3168094e-06,3110.772,3172.8093
3225.300048828125,3155.6013,8.064616e-06,3127.0532,3192.0723
2999.10009765625,3169.1838,1.2282339e-05,3117.409,3213.5232
2991.5,3123.6064,1.14214745e-05,3086.011,3173.1296
2941.60009765625,3057.0767,1.27481235e-05,3012.3208,3117.1826
2948.199951171875,3002.18,1.8471135e-05,2940.1262,3085.4941
2984.60009765625,3005.3027,9.646973e-06,2979.616,3053.922
2909.800048828125,2994.7422,8.526551e-06,2956.2173,3023.4773
2750.10009765625,3002.3494,1.8903747e-05,2922.1902,3069.2466
2692.199951171875,2971.2397,1.0747516e-05,2920.295,3005.4246
2706.60009765625,2936.223,2.3827624e-05,2850.4685,3034.3357
2717.39990234375,2925.2327,1.894575e-05,2849.206,3004.6855
2694.89990234375,2858.5857,2.2049664e-05,2757.2734,2940.7808
2677.89990234375,2883.479,1.8618266e-05,2801.5527,2946.97
2686.199951171875,2882.3936,2.8283237e-05,2783.7917,2984.5542
2676.300048828125,2915.7942,1.3000005e-05,2871.4954,2965.8726
2573.699951171875,2887.724,2.5199091e-05,2805.8481,3005.9348
2629.300048828125,2839.3923,2.144199e-05,2769.307,2931.8604
2647.699951171875,2855.1338,2.2571703e-05,2758.8357,2923.8909
2637.39990234375,2860.1995,3.524993e-05,2750.511,2992.368
2613.5,2879.934,2.9020342e-05,2775.423,2979.9993
2587.800048828125,2822.641,1.7382872e-05,2756.5889,2893.6338
2578.800048828125,2818.8367,2.7047021e-05,2695.0308,2888.189
2557.60009765625,2865.0767,3.96722e-05,2731.8894,3033.4932
2527.39990234375,2829.817,2.522926e-05,2705.0354,2906.9304
2513.10009765625,2804.059,3.0681367e-05,2717.8992,2941.5942
2464.89990234375,2810.4182,2.3959237e-05,2734.0315,2904.8984
2442.39990234375,2790.924,3.9185994e-05,2657.4019,2940.9873
2410.5,2758.628,3.053491e-05,2699.7654,2919.0981
2409.199951171875,2764.5886,2.550703e-05,2683.1267,2876.1873
2391.699951171875,2794.731,2.3940056e-05,2718.457,2899.0024
2440.800048828125,2763.7205,2.1356485e-05,2695.1626,2857.2214
2356.0,2769.5342,3.103523e-05,2669.9966,2884.107
2390.60009765625,2799.566,2.7826778e-05,2688.4487,2890.0103
2383.800048828125,2759.897,3.4340577e-05,2658.355,2906.7722
2398.800048828125,2784.27,1.5968908e-05,2714.1602,2838.5698
2377.39990234375,2741.3303,2.7867456e-05,2640.6062,2841.747
2389.800048828125,2758.261,2.5249521e-05,2694.439,2893.8687
2358.89990234375,2749.5635,2.6052927e-05,2644.1226,2841.8918
2408.199951171875,2783.244,3.8926948e-05,2644.728,2907.956
2450.699951171875,2749.3315,3.757763e-05,2660.6692,2930.1802
2473.89990234375,2766.9246,2.8640708e-05,2675.8374,2878.1602
2539.800048828125,2747.332,3.374209e-05,2630.221,2901.3008
2559.199951171875,2779.423,2.994062e-05,2645.2302,2862.386
2589.0,2798.6091,1.2714269e-05,2751.387,2850.3894
2524.300048828125,2823.8289,2.8739601e-05,2739.6184,2930.0522
2472.60009765625,2805.9844,2.6824524e-05,2724.5203,2912.7854
2554.89990234375,2789.607,2.0293111e-05,2706.0408,2874.192
2576.89990234375,2826.298,2.6098673e-05,2730.9436,2928.177
2581.5,2804.7793,2.5055086e-05,2715.6204,2895.122
2579.60009765625,2816.2673,3.0662708e-05,2680.6553,2927.283
2610.5,2799.086,2.446541e-05,2700.6277,2867.7131
2538.5,2852.2632,2.8637609e-05,2747.027,2965.37
2521.800048828125,2841.885,2.0871497e-05,2781.8977,2938.9956
2396.89990234375,2847.828,2.6576117e-05,2739.554,2945.68
2447.60009765625,2799.7842,1.557392e-05,2744.6235,2870.9875
2444.699951171875,2811.1846,3.6516532e-05,2652.0542,2921.8132
2474.699951171875,2766.3413,3.9102335e-05,2653.1914,2947.3198
2473.89990234375,2771.0637,4.1850624e-05,2678.597,3003.8943
2473.89990234375,2757.8203,3.0023637e-05,2668.6372,2880.075
2431.300048828125,2774.4258,3.8155165e-05,2650.5298,2956.3462
2427.300048828125,2775.5493,2.6862344e-05,2693.105,2871.983
2435.39990234375,2777.2722,2.064901e-05,2716.6743,2873.1846
2401.39990234375,2736.3416,2.6878672e-05,2668.3098,2862.074
2394.39990234375,2829.7607,2.6644171e-05,2703.3103,2908.4226
2392.89990234375,2732.734,2.649599e-05,2628.7256,2821.566
2300.300048828125,2763.1077,3.996875e-05,2651.9688,2945.1975
2272.800048828125,2761.5815,3.0076992e-05,2620.784,2860.7822
2246.0,2765.2249,1.8821156e-05,2718.897,2865.6555
2264.0,2678.4214,1.7249711e-05,2609.0864,2740.2627
2283.199951171875,2678.7234,2.8761062e-05,2581.0469,2815.4119
2327.10009765625,2694.3538,2.9788982e-05,2618.1562,2824.156
2327.39990234375,2720.3762,3.0870287e-05,2571.1487,2828.3733
2327.199951171875,2732.1443,3.297347e-05,2624.8066,2864.3887
2317.300048828125,2719.667,2.3909073e-05,2636.7861,2815.7935
2308.199951171875,2766.1416,3.7346068e-05,2662.246,2959.874
2276.199951171875,2727.864,2.3822788e-05,2626.6724,2802.7344
2284.199951171875,2766.1375,3.0083176e-05,2659.3691,2883.655
2284.199951171875,2778.8728,2.8967817e-05,2711.125,2905.03
2258.89990234375,2693.2874,2.391841e-05,2580.7961,2764.6995
2297.39990234375,2695.0854,2.127693e-05,2587.6167,2759.533
2446.89990234375,2765.9814,2.4731491e-05,2682.6367,2855.6755
2241.699951171875,2757.353,2.7172771e-05,2640.5002,2843.9453
2241.0,2729.3647,2.9956409e-05,2627.574,2817.6196
2198.89990234375,2748.175,2.3382261e-05,2650.3557,2849.1829
2151.39990234375,2684.6626,3.726732e-05,2565.6047,2842.9714
2151.0,2690.7656,2.421864e-05,2590.1997,2773.3308
2153.89990234375,2705.7888,3.882719e-05,2571.5486,2860.6218
2135.60009765625,2630.0996,3.0455762e-05,2524.3145,2759.7969
2161.39990234375,2650.0576,2.8680199e-05,2586.3745,2780.1406
2162.0,2640.0986,3.2163836e-05,2519.5208,2772.3064
2199.0,2633.1592,3.7987524e-05,2527.1423,2787.9019
2223.0,2703.8713,3.0070736e-05,2603.3105,2832.3328
2203.300048828125,2677.0518,3.925221e-05,2549.6357,2822.3093
2125.0,2707.3196,3.755239e-05,2612.4055,2888.9453
2127.800048828125,2721.3936,2.7412108e-05,2641.9185,2834.061
2059.60009765625,2688.75,3.38008e-05,2588.028,2797.5305
2109.0,2640.1196,3.1113104e-05,2550.218,2795.7473
2094.699951171875,2664.7078,3.9370443e-05,2549.0557,2869.9272
2094.699951171875,2653.6436,6.2675346e-05,2447.3252,2949.8625
2097.89990234375,2652.0183,4.101746e-05,2556.0505,2820.7795
2031.5,2632.2732,3.358252e-05,2514.9521,2770.5603
1982.5999755859373,2708.104,2.903178e-05,2585.0276,2822.535
2068.10009765625,2673.6965,2.9300583e-05,2577.474,2819.9788
2093.5,2676.4902,3.8491242e-05,2531.2515,2839.509
2057.60009765625,2618.0369,3.064271e-05,2525.921,2749.3354
2096.10009765625,2652.8657,3.083853e-05,2560.3594,2791.0088
2057.5,2638.6023,2.885532e-05,2529.04,2747.0574
2049.5,2739.6274,1.926282e-05,2685.7454,2835.6477
2069.0,2638.602,4.083355e-05,2499.6323,2830.4592
2181.5,2628.1272,5.141992e-05,2472.9373,2886.0425
2200.60009765625,2630.0127,3.5338264e-05,2510.8582,2775.445
2189.199951171875,2714.3457,7.311051e-05,2547.8853,3104.2017
2201.0,2697.2002,4.1767147e-05,2556.899,2862.5513
2269.0,2702.6733,3.83772e-05,2576.5066,2859.6235
2251.10009765625,2659.0056,4.408818e-05,2533.754,2876.3943
2221.10009765625,2730.3286,2.8895598e-05,2644.43,2863.9321
2208.300048828125,2680.0483,2.8198952e-05,2572.6614,2795.047
2242.89990234375,2663.3145,3.0036275e-05,2560.9453,2776.9714
2254.300048828125,2710.1135,4.564174e-05,2547.7217,2851.035
2295.60009765625,2699.4272,3.6573965e-05,2559.4644,2804.7017
2398.0,2702.3254,4.3543376e-05,2592.872,2942.4885
2446.60009765625,2763.2935,3.4331155e-05,2587.3398,2851.7322
2431.800048828125,2756.3657,3.692899e-05,2621.26,2887.3306
2365.60009765625,2779.3054,1.9955814e-05,2703.3599,2873.2263
2473.699951171875,2818.6606,4.525479e-05,2668.0352,3044.9744
2460.0,2740.7976,3.2252825e-05,2617.6155,2869.742
2413.0,2772.6943,2.7754304e-05,2657.335,2871.4219
2373.0,2807.9392,3.9610695e-05,2634.8386,2932.871
2452.699951171875,2818.651,2.0324025e-05,2740.0579,2878.69
